Word,Frequency Rank,Language of Origin,Language Branch,Origin Language,Modern Eqiuvalent,Branch Language,Modern Equilvalent
the,1,Old English,Germanic,English,the,German,die/der/das
of,2,Old English,Germanic,English,of,German,von
to,3,Old English,Germanic,English,to,German,zu
and,4,Old English,Germanic,English,and,German,und
a,5,Old English,Germanic,English,a,German,ein
in,6,Old English,Germanic,English,in,German,in
is,7,Old English,Germanic,English,is,German,ist
it,8,Old English,Germanic,English,it,German,es
you,9,Old English,Germanic,English,you,German,du/Sie
that,10,Old English,Germanic,English,that,German,dass
he,11,Old English,Germanic,English,he,German,er
was,12,Old English,Germanic,English,was,German,war
for,13,Old English,Germanic,English,for,German,für
on,14,Old English,Germanic,English,on,German,auf
are,15,Old English,Germanic,English,are,German,sind
with,16,Old English,Germanic,English,with,German,mit
as,17,Old English,Germanic,English,as,German,wie
I,18,Old English,Germanic,English,I,German,ich
his,19,Old English,Germanic,English,his,German,seine
they,20,Old English,Germanic,English,they,German,sie
be,21,Old English,Germanic,English,be,German,sein
at,22,Old English,Germanic,English,at,German,beim
one,23,Old English,Germanic,English,one,German,eins
have,24,Old English,Germanic,English,have,German,haben
this,25,Old English,Germanic,English,this,German,diese
from,26,Old English,Germanic,English,from,German,von
or,27,Old English,Germanic,English,or,German,oder
had,28,Old English,Germanic,English,had,German,hätten
by,29,Old English,Germanic,English,by,German,durch
hot,30,Old English,Germanic,English,hot,German,heiß
word,31,Old English,Germanic,English,word,German,wort
but,32,Old English,Germanic,English,but,German,aber
what,33,Old English,Germanic,English,what,German,was
some,34,Old English,Germanic,English,some,German,etwas
we,35,Old English,Germanic,English,we,German,wir
can,36,Old English,Germanic,English,can,German,können
out,37,Old English,Germanic,English,out,German,aus
other,38,Old English,Germanic,English,other,German,andere
were,39,Old English,Germanic,English,were,German,wurden
all,40,Old English,Germanic,English,all,German,alles
there,41,Old English,Germanic,English,there,German,dort
when,42,Old English,Germanic,English,when,German,wann
up,43,Old English,Germanic,English,up,German,oben
use,44,Anglo-French Old French Latin,Italic,French,user,Latin,usus
your,45,Old English,Germanic,English,your,German,deine
how,46,Old English,Germanic,English,how,German,wie
said,47,Old English,Germanic,English,said,German,sagte
an,48,Old English,Germanic,English,an,German,ein
each,49,Old English,Germanic,English,each,German,jeder
she,50,Old English,Germanic,English,she,German,sie
which,51,Old English,Germanic,English,which,German,welche
do,52,Old English,Germanic,English,do,German,tun
their,53,Old Norse,Germanic,Norse,deres,German,ihr
time,54,Old English,Germanic,English,time,German,zeit
if,55,Old English,Germanic,English,if,German,wenn
will,56,Old English,Germanic,English,will,German,werden
way,57,Old English,Germanic,English,way,German,weg
about,58,Old English,Germanic,English,about,German,über
many,59,Old English,Germanic,English,many,German,viele
then,60,Old English,Germanic,English,then,German,dann
them,61,Old Norse,Germanic,Norse,dem,German,sie
write,62,Old English,Germanic,English,write,German,schreiben
would,63,Old English,Germanic,English,would,German,würde
like,64,Old English,Germanic,English,like,German,wie
so,65,Old English,Germanic,English,so,German,so
these,66,Old English,Germanic,English,these,German,diese
her,67,Old English,Germanic,English,her,German,ihr
long,68,Old English,Germanic,English,long,German,lange
make,69,Old English,Germanic,English,make,German,machen
thing,70,Old English,Germanic,English,thing,German,ding
see,71,Old English,Germanic,English,see,German,sehen
him,72,Old English,Germanic,English,him,German,ihm
two,73,Old English,Germanic,English,two,German,zwei
has,74,Old English,Germanic,English,has,German,hat
look,75,Old English,Germanic,English,look,German,aussehen
more,76,Old English,Germanic,English,more,German,mehr
day,77,Old English,Germanic,English,day,German,tag
could,78,Old English,Germanic,English,could,German,könnte
go,79,Old English,Germanic,English,go,German,gehen
come,80,Old English,Germanic,English,come,German,kommen
did,81,Old English,Germanic,English,did,German,tat
number,82,Anglo-French Old French Latin,Italic,French,nombre,Latin,numerus
sound,83,Old French Latin,Italic,French,son,Latin,sonus
no,84,Old English,Germanic,English,no,German,nein
most,85,Old English,Germanic,English,most,German,meisten
people,86,Anglo-French Old French Latin,Italic,French,peuple,Latin,populus
my,87,Old English,Germanic,English,my,German,meine
over,88,Old English,Germanic,English,over,German,über
know,89,Old English,Germanic,English,know,German,kennen/wissen
water,90,Old English,Germanic,English,water,German,wasser
than,91,Old English,Germanic,English,than,German,als
call,92,Old Norse,Germanic,Norse,anrop,German,nennen
first,93,Old English,Germanic,English,first,German,erste
who,94,Old English,Germanic,English,who,German,wer
may,95,Old English,Germanic,English,may,German,dürfen
down,96,Old English,Germanic,English,down,German,nieder
side,97,Old English,Germanic,English,side,German,seite
been,98,Old English,Germanic,English,been,German,gewesen
now,99,Old English,Germanic,English,now,German,jetzt
find,100,Old English,Germanic,English,find,German,finden
any,101,Old English,Germanic,English,any,German,irgendein
new,102,Old English,Germanic,English,new,German,neu
work,103,Old English,Germanic,English,work,German,arbeit
part,104,Old French Latin,Italic,French,partie,Latin,pars
take,105,Old English,Germanic,English,take,German,nehmen
get,106,Old Norse,Germanic,Norse,få,German,erhalten
place,107,Old French Latin,Italic,French,lieu,Latin,locus
made,108,Old English,Germanic,English,made,German,gemacht
live,109,Old English,Germanic,English,live,German,leben
where,110,Old English,Germanic,English,where,German,woher
after,111,Old English,Germanic,English,after,German,nach dem
back,112,Old English,Germanic,English,back,German,zurück
little,113,Old English,Germanic,English,little,German,klein
only,114,Old English,Germanic,English,only,German,nur
round,115,Anglo-French Old French Latin,Italic,French,rond,Latin,rotundus
man,116,Old English,Germanic,English,man,German,mann
year,117,Old English,Germanic,English,year,German,jahrig
came,118,Old English,Germanic,English,came,German,kam
show,119,Old English,Germanic,English,show,German,zeigen
every,120,Old English,Germanic,English,every,German,jeden
good,121,Old English,Germanic,English,good,German,gut
me,122,Old English,Germanic,English,me,German,mich/mir
give,123,Old English,Germanic,English,give,German,geben
our,124,Old English,Germanic,English,our,German,unsere
under,125,Old English,Germanic,English,under,German,unter
name,126,Old English,Germanic,English,name,German,name
very,127,Anglo-French Old French Latin,Italic,French,très,Latin,ipsum
through,128,Old English,Germanic,English,through,German,durch
just,129,Old French Latin,Italic,French,juste,Latin,iustus
form,130,Old French Latin,Italic,French,forme,Latin,forma
sentence,131,Old French Latin,Italic,French,phrase,Latin,sententia
great,132,Old English,Germanic,English,great,German,groß
think,133,Old English,Germanic,English,think,German,denken
say,134,Old English,Germanic,English,say,German,sagen
help,135,Old English,Germanic,English,help,German,hilfen
low,136,Old Norse,Germanic,Norse,lav,German,niedrig
line,137,Old English,Germanic,English,line,German,linie
differ,138,Old French Latin,Italic,French,différer,Latin,differunt
turn,139,Old English,Germanic,English,turn,German,wenden
cause,140,Old French Latin,Italic,French,cause,Latin,causam
much,141,Old English,Germanic,English,much,German,viel
mean,142,Old English,Germanic,English,mean,German,bedeuten
before,143,Old English,Germanic,English,before,German,vor
move,144,Anglo-French Old French Latin,Italic,French,déplacer,Latin,motus
right,145,Old English,Germanic,English,right,German,recht
boy,146,"Disputed, French or Old Frisian",Uncertain,French,boy,N/A,
old,147,Old English,Germanic,English,old,German,alt
too,148,Old English,Germanic,English,too,German,auch
same,149,Old English,Germanic,English,same,German,gleich
tell,150,Old English,Germanic,English,tell,German,sagen
does,151,Old English,Germanic,English,does,German,tut
set,152,Old English,Germanic,English,set,German,einstellen
three,153,Old English,Germanic,English,three,German,drei
want,154,Old Norse,Germanic,Norse,vil,German,wollen
air,155,Old French Latin,Italic,French,air,Latin,aer
well,156,Old English,Germanic,English,well,German,gut
also,157,Old English,Germanic,English,also,German,ebenfalls
play,158,Old English,Germanic,English,play,German,spielen
small,159,Old English,Germanic,English,small,German,klein
end,160,Old English,Germanic,English,end,German,ende
put,161,Old English,Germanic,English,put,German,stellen
home,162,Old English,Germanic,English,home,German,heim
read,163,Old English,Germanic,English,read,German,lesen
hand,164,Old English,Germanic,English,hand,German,hand
port,165,Old English,Germanic,English,port,German,port
large,166,Old French Latin,Italic,French,grand,Latin,magna
spell,167,Old French Latin,Italic,French,épeler,Latin,exponentia
add,168,Latin,Italic,Latin,adde,Latin,adde
even,169,Old English,Germanic,English,even,German,sogar
land,170,Old English,Germanic,English,land,German,land
here,171,Old English,Germanic,English,here,German,hier
must,172,Old English,Germanic,English,must,German,müssen
big,173,"Obscure, possibly scandinavian",Germanic,Norse,stor,German,groß
high,174,Old English,Germanic,English,high,German,hoch
such,175,Old English,Germanic,English,such,German,solche
follow,176,Old English,Germanic,English,follow,German,folgen
act,177,Latin,Italic,Latin,actum,Latin,actum
why,178,Old English,Germanic,English,why,German,warum
ask,179,Old English,Germanic,English,ask,German,fragen
men,180,Old English,Germanic,English,men,German,männer
change,181,Anglo-French Old French Latin,Italic,French,changer,Latin,mutatio
went,182,Old English,Germanic,English,went,German,ging
light,183,Old English,Germanic,English,light,German,licht
kind,184,Old English,Germanic,English,kind,German,art
off,185,Old English,Germanic,English,off,German,aus
need,186,Old English,Germanic,English,need,German,brauchen
house,187,Old English,Germanic,English,house,German,haus
picture,188,Latin,Italic,Latin,picturae,Latin,picturae
try,189,Anglo-French Gallic,Celtic,French,essayer,Irish,triail
us,190,Old English,Germanic,English,us,German,uns
again,191,Old English,Germanic,English,again,German,nochmal
animal,192,Latin,Italic,Latin,animalis,Latin,animalis
point,193,Old French Latin,Italic,French,point,Latin,punctum
mother,194,Old English,Germanic,English,mother,German,mutter
world,195,Old English,Germanic,English,world,German,welt
near,196,Old English,Germanic,English,near,German,nahe
build,197,Old English,Germanic,English,build,German,bilden
self,198,Old English,Germanic,English,self,German,selbst
earth,199,Old English,Germanic,English,earth,German,erde
father,200,Old English,Germanic,English,father,German,vater
head,201,Old English,Germanic,English,head,German,kopf
stand,202,Old English,Germanic,English,stand,German,stehen
own,203,Old English,Germanic,English,own,German,besitzen
page,204,Middle French,Italic,French,page,Latin,pagina
should,205,Old English,Germanic,English,should,German,sollen
country,206,Old French Latin,Italic,French,pays,Latin,patriam
found,207,Old English,Germanic,English,found,German,gefunden
answer,208,Old English,Germanic,English,answer,German,antwort
school,209,Old English/Latin/Greek,Uncertain,English,school,N/A,
grow,210,Old English,Germanic,English,grow,German,wachsen
study,211,Old French Latin,Italic,French,étudier,Latin,studium
still,212,Old English,Germanic,English,still,German,noch
learn,213,Old English,Germanic,English,learn,German,lernen
plant,214,Old English,Germanic,English,plant,German,pflanze
cover,215,Old French Latin,Italic,French,couvrir,Latin,operimentum
food,216,Old English,Germanic,English,food,German,essen
sun,217,Old English,Germanic,English,sun,German,sonne
four,218,Old English,Germanic,English,four,German,vier
between,219,Old English,Germanic,English,between,German,zwischen
state,220,Old French Latin,Italic,French,état,Latin,expono
keep,221,Old English,Germanic,English,keep,German,behalten
eye,222,Old English,Germanic,English,eye,German,auge
never,223,Old English,Germanic,English,never,German,nimmer
last,224,Old English,Germanic,English,last,German,letzte
let,225,Old English,Germanic,English,let,German,lassen
thought,226,Old English,Germanic,English,thought,German,gedacht
city,227,Old French Latin,Italic,French,ville,Latin,urbs
tree,228,Old English,Germanic,English,tree,German,baum
cross,229,Old English/French/Latin/Old Norse,Uncertain,English,cross,N/A,
farm,230,Old French Latin,Italic,French,ferme,Latin,villam
hard,231,Old English,Germanic,English,hard,German,hart
start,232,Old English,Germanic,English,start,German,start
might,233,Old English,Germanic,English,might,German,könnte
story,234,Old French Latin,Italic,French,récit,Latin,fabula
saw,235,Old English,Germanic,English,saw,German,sah
far,236,Old English,Germanic,English,far,German,weit
sea,237,Old English,Germanic,English,sea,German,see
draw,238,Old English,Germanic,English,draw,German,zeichen
left,239,Old English,Germanic,English,left,German,links
late,240,Old English,Germanic,English,late,German,spät
run,241,Old English,Germanic,English,run,German,laufen
don't,242,Old English,Germanic,English,don't,German,nicht tun
while,243,Old English,Germanic,English,while,German,während
press,244,Old French Latin,Italic,French,presse,Latin,tribulo
close,245,Old French Latin,Italic,French,fermer,Latin,prope
night,246,Old English,Germanic,English,night,German,nacht
real,247,Old French Latin,Italic,French,réal,Latin,verum
life,248,Old English,Germanic,English,life,German,leben
few,249,Old English,Germanic,English,few,German,wenige
north,250,Old English,Germanic,English,north,German,nord
open,251,Old English,Germanic,English,open,German,öffnen
seem,252,Old Norse,Germanic,Norse,synes,German,scheinen
together,253,Old English,Germanic,English,together,German,zusammen
next,254,Old English,Germanic,English,next,German,nächste
white,255,Old English,Germanic,English,white,German,weiß
children,256,Old English,Germanic,English,children,German,kindern
begin,257,Old English,Germanic,English,begin,German,beginnen
got,258,Old Norse,Germanic,Norse,fikk,German,habe
walk,259,Old English,Germanic,English,walk,German,gehen
example,260,Old French Latin,Italic,French,exemple,Latin,exemplum
ease,261,Old French Latin,Italic,French,facilité,Latin,relevabor
paper,262,Anglo-French Old French Latin,Italic,French,papier,Latin,papyrus
group,263,French,Italic,French,groupe,Latin,coetus
always,264,Old English,Germanic,English,always,German,immer
music,265,Old French Latin,Italic,French,musique,Latin,musicorum
those,266,Old English,Germanic,English,those,German,jene
both,267,Old English,Germanic,English,both,German,beide
mark,268,Old English,Germanic,English,mark,German,markieren
often,269,Old English,Germanic,English,often,German,häufig
letter,270,Old French Latin,Italic,French,lettre,Latin,litterae
until,271,Old Norse,Germanic,Norse,før,German,bis
mile,272,Old English/Latin,Uncertain,English,mile,N/A,
river,273,Anglo-French Old French Latin,Italic,French,rivière,Latin,flumen
car,274,Anglo-French Old French Latin,Italic,French,voiture,Latin,currus
feet,275,Old English,Germanic,English,feet,German,füße
care,276,Old English,Germanic,English,care,German,kümmern
second,277,Old French Latin,Italic,French,second,Latin,secundus
book,278,Old English,Germanic,English,book,German,buch
carry,279,Anglo-French Old French Latin,Italic,French,porter,Latin,porto
took,280,Old English,Germanic,English,took,German,daurte
science,281,Old French Latin,Italic,French,science,Latin,scientia
eat,282,Old English,Germanic,English,eat,German,essen
room,283,Old English,Germanic,English,room,German,raum
friend,284,Old English,Germanic,English,friend,German,freund
began,285,Old English,Germanic,English,began,German,begann
idea,286,Latin Greek,Hellenic,Latin,idea,Greek,idea
fish,287,Old English,Germanic,English,fish,German,fisch
mountain,288,Old French Latin,Italic,French,montagne,Latin,mons
stop,289,Old English,Germanic,English,stop,German,halt
once,290,Old English,Germanic,English,once,German,einmal
base,291,Old French Latin Greek,Hellenic,French,base,Greek,vasi
hear,292,Old English,Germanic,English,hear,German,hören
horse,293,Old English,Germanic,English,horse,German,pferd
cut,294,Old English,Germanic,English,cut,German,schnitt
sure,295,Old French Latin,Italic,French,sûr,Latin,certus
watch,296,Old English,Germanic,English,watch,German,sehsn
color,297,Anglo-French Old French Latin,Italic,French,coleur,Latin,color
face,298,Old French Latin,Italic,French,face,Latin,faciem
wood,299,Old English,Germanic,English,wood,German,holz
main,300,Old English,Germanic,English,main,German,main
enough,301,Old English,Germanic,English,enough,German,genug
plain,302,Old French Latin,Italic,French,plaine,Latin,patet
girl,303,Old English,Germanic,English,girl,German,mädchen
usual,304,Old French Latin,Italic,French,usuel,Latin,solito
young,305,Old English,Germanic,English,young,German,jung
ready,306,Old English,Germanic,English,ready,German,bereit
above,307,Old English,Germanic,English,above,German,über
ever,308,Old English,Germanic,English,ever,German,jemals
red,309,Old English,Germanic,English,red,German,rot
list,310,Old French,Italic,French,liste,Latin,album
though,311,Old English,Germanic,English,though,German,obwohl
feel,312,Old English,Germanic,English,feel,German,fühlen
talk,313,Middle English,Germanic,English,talk,German,reden
bird,314,Old English,Germanic,English,bird,German,vogel
soon,315,Old English,Germanic,English,soon,German,bald
body,316,Old English,Germanic,English,body,German,körper
dog,317,Old English,Germanic,English,dog,German,hund
family,318,Latin,Italic,Latin,familia,Latin,familia
direct,319,Old French Latin,Italic,French,direct,Latin,directus
pose,320,Old French Latin,Italic,French,poser,Latin,simulatio
leave,321,Old English,Germanic,English,leave,German,lassen
song,322,Old English,Germanic,English,song,German,lied
measure,323,Old French Latin,Italic,French,mesure,Latin,mensura
door,324,Old English,Germanic,English,door,German,tür
product,325,Latin,Italic,Latin,productum,Latin,productum
black,326,Old English,Germanic,English,black,German,schwarz
short,327,Old English,Germanic,English,short,German,kurz
numeral,328,Middle French Latin,Italic,French,numéral,Latin,numeral
class,329,French Latin,Italic,French,classe,Latin,classis
wind,330,Old English,Germanic,English,wind,German,wind
question,331,Anglo-French Old French Latin,Italic,French,question,Latin,quaestio
happen,332,Old English,Germanic,English,happen,German,geschehen
complete,333,Old French Latin,Italic,French,complète,Latin,integrum
ship,334,Old English,Germanic,English,ship,German,schiff
area,335,Latin,Italic,Latin,area,Latin,area
half,336,Old English,Germanic,English,half,German,hälfte
rock,337,Old English,Germanic,English,rock,German,rock
order,338,Old French Latin,Italic,French,ordre,Latin,ordo
fire,339,Old English,Germanic,English,fire,German,feuer
south,340,Old English,Germanic,English,south,German,süd
problem,341,Old French Latin Greek,Hellenic,French,problème,Greek,provlima
piece,342,Old French Gallic,Celtic,French,pièce,Irish,piosa
told,343,Old English,Germanic,English,told,German,erzählte
knew,344,Old English,Germanic,English,knew,German,wissen/kennen
pass,345,Old French Latin,Italic,French,passer,Latin,transiet
since,346,Old English,Germanic,English,since,German,seit
top,347,Old English,Germanic,English,top,German,oben
whole,348,Old English,Germanic,English,whole,German,ganze
king,349,Old English,Germanic,English,king,German,könig
space,350,Old French Latin,Italic,French,espace,Latin,spatium
heard,351,Old English,Germanic,English,heard,German,gehört
best,352,Old English,Germanic,English,best,German,beste
hour,353,Old French Latin Greek,Hellenic,French,heure,Greek,ora
better,354,Old English,Germanic,English,better,German,besser
true,355,Old English,Germanic,English,true,German,wahr
during,356,Old French Latin,Italic,French,pendant,Latin,in
hundred,357,Old English,Germanic,English,hundred,German,hundert
five,358,Old English,Germanic,English,five,German,fünf
remember,359,Old French Latin,Italic,French,rappeler,Latin,memeto
step,360,Old English,Germanic,English,step,German,stüfe
early,361,Old English,Germanic,English,early,German,früh
hold,362,Old English,Germanic,English,hold,German,halten
west,363,Old English,Germanic,English,west,German,west
ground,364,Old English,Germanic,English,ground,German,grund
interest,365,Old French Latin,Italic,French,intéresser,Latin,rem
reach,366,Old English,Germanic,English,reach,German,erreichen
fast,367,Old English,Germanic,English,fast,German,schnell
verb,368,Old French Latin,Italic,French,verbe,Latin,verbum
sing,369,Old English,Germanic,English,sing,German,singen
listen,370,Old English,Germanic,English,listen,German,hören
six,371,Old English,Germanic,English,six,German,sechs
table,372,Old French/Old English,Uncertain,French,table,N/A,
travel,373,Old French Latin,Italic,French,voyager,Latin,itinerantur
less,374,Old English,Germanic,English,less,German,weniger
morning,375,Old English,Germanic,English,morning,German,morgen
ten,376,Old English,Germanic,English,ten,German,zehn
simple,377,Old French Latin,Italic,French,simple,Latin,simplex
several,378,Anglo-French Old French Latin,Italic,French,nombreuses,Latin,aliquot
vowel,379,Old French Latin,Italic,French,voyelle,Latin,vocali
toward,380,Old English,Germanic,English,toward,German,zu
war,381,Old English,Germanic,English,war,German,krieg
lay,382,Old English,Germanic,English,lay,German,legen
against,383,Old English,Germanic,English,against,German,gegen
pattern,384,Old French Latin,Italic,French,modèle,Latin,ratio
slow,385,Old English,Germanic,English,slow,German,langsam
center,386,Old French Latin Greek,Hellenic,French,centre,Greek,kentro
love,387,Old English,Germanic,English,love,German,liebe
person,388,Old French Latin,Italic,French,personne,Latin,hominem
money,389,Old French Latin,Italic,French,argent,Latin,pecunia
serve,390,Old French Latin,Italic,French,servir,Latin,servio
appear,391,Old French Latin,Italic,French,apparaître,Latin,videtur
road,392,Old English,Germanic,English,road,German,straße
map,393,Middle English/ Middle French Latin,Italic,English,map,Latin,map
rain,394,Old English,Germanic,English,rain,German,regen
rule,395,Old French Latin,Italic,French,règle,Latin,regula
govern,396,Old French Latin,Italic,French,gouverne,Latin,regunt
pull,397,Old English,Germanic,English,pull,German,ziehen
cold,398,Old English,Germanic,English,cold,German,kalt
notice,399,Old French Latin,Italic,French,notice,Latin,notitiam
voice,400,Old French Latin,Italic,French,voix,Latin,vox
unit,401,Anglo-French Old French Latin,Italic,French,unité,Latin,as
power,402,Anglo-French Old French Latin,Italic,French,puissance,Latin,potentia
town,403,Old English,Germanic,English,town,German,dorf
fine,404,Old French Latin,Italic,French,fin,Latin,denique
certain,405,Old French Latin,Italic,French,certain,Latin,certus
fly,406,Old English,Germanic,English,fly,German,fliegen
fall,407,Old English,Germanic,English,fall,German,fallen
lead,408,Old English,Germanic,English,lead,German,führen
cry,409,Old French Latin,Italic,French,cri,Latin,clamoris
dark,410,Old English,Germanic,English,dark,German,dunkel
machine,411,Middle French Latin Greek,Hellenic,French,machine,Greek,michani
note,412,Old French Latin,Italic,French,noter,Latin,nota
wait,413,Old French Frankish,Germanic,French,attendre,German,warten
plan,414,French Latin,Italic,French,plan,Latin,consilium
figure,415,Old French Latin,Italic,French,figure,Latin,figura
star,416,Old English,Germanic,English,star,German,stern
box,417,Old English,Germanic,English,box,German,box
noun,418,Anglo-French Old French Latin,Italic,French,nom,Latin,nomen
field,419,Old English,Germanic,English,field,German,feld
rest,420,Old English,Germanic,English,rest,German,rest
correct,421,French Latin,Italic,French,correct,Latin,verum
able,422,Old French Latin,Italic,French,capable,Latin,potes
pound,423,Old English,Germanic,English,pound,German,pfund
done,424,Old English,Germanic,English,done,German,erledigt
beauty,425,Anglo-French Old French Latin,Italic,French,beauté,Latin,pulchritudo
drive,426,Old English,Germanic,English,drive,German,fahren
stood,427,Old English,Germanic,English,stood,German,stand
contain,428,Old French Latin,Italic,French,contenir,Latin,quae
front,429,Old French Latin,Italic,French,devant,Latin,frons
teach,430,Old English,Germanic,English,teach,German,lehren
week,431,Old English,Germanic,English,week,German,woche
final,432,Old French Latin,Italic,French,final,Latin,finalem
gave,433,Old English,Germanic,English,gave,German,gab
green,434,Old English,Germanic,English,green,German,grün
oh,435,Old French Latin,Italic,French,oh,Latin,o
quick,436,Old English,Germanic,English,quick,German,schnell
develop,437,French,Italic,French,développer,Latin,excolo
ocean,438,Old French Latin Greek,Hellenic,French,océan,Greek,okeanos
warm,439,Old English,Germanic,English,warm,German,warm
free,440,Old English,Germanic,English,free,German,frei
minute,441,Old French Latin,Italic,French,minute,Latin,minute
strong,442,Old English,Germanic,English,strong,German,stark
special,443,Old French Latin,Italic,French,spécial,Latin,specialis
mind,444,Old English,Germanic,English,mind,German,verstand
behind,445,Old English,Germanic,English,behind,German,hinter
clear,446,Old French Latin,Italic,French,clair,Latin,liquet
tail,447,Old English,Germanic,English,tail,German,schwanz
produce,448,Latin,Italic,Latin,producendum,Latin,producendum
fact,449,Latin,Italic,Latin,factum,Latin,factum
street,450,Old English,Germanic,English,street,German,straße
inch,451,Old English,Germanic,English,inch,German,zoll
multiply,452,Old French Latin,Italic,French,multiplier,Latin,multiplicamini
nothing,453,Old English,Germanic,English,nothing,German,nichts
course,454,Old French Latin,Italic,French,cours,Latin,cursus
stay,455,Old French Latin,Italic,French,rester,Latin,manere
wheel,456,Old English,Germanic,English,wheel,German,rad
full,457,Old English,Germanic,English,full,German,voll
force,458,Old French Latin,Italic,French,forcer,Latin,impetu
blue,459,Old French Frankish,Germanic,French,bleu,German,blau
object,460,Old French Latin,Italic,French,objet,Latin,objectum
decide,461,Old French Latin,Italic,French,décider,Latin,decernere
surface,462,French,Italic,French,surface,Latin,superficiem
deep,463,Old English,Germanic,English,deep,German,tief
moon,464,Old English,Germanic,English,moon,German,mond
island,465,Old English,Germanic,English,island,German,insel
foot,466,Old English,Germanic,English,foot,German,fuß
system,467,Latin Greek,Hellenic,Latin,systima,Greek,systima
busy,468,Old English,Germanic,English,busy,German,beschäftigt
test,469,Old French Latin,Italic,French,tester,Latin,periclictor
record,470,Old French Latin,Italic,French,record,Latin,mentio
boat,471,Old English,Germanic,English,boat,German,boot
common,472,Old French Latin,Italic,French,commun,Latin,communia
gold,473,Old English,Germanic,English,gold,German,gold
possible,474,Old French Latin,Italic,French,possible,Latin,possibilis
plane,475,Latin,Italic,Latin,planum,Latin,planum
stead,476,Old English,Germanic,English,stead,German,statt
dry,477,Old English,Germanic,English,dry,German,trocken
wonder,478,Old English,Germanic,English,wonder,German,wunder
laugh,479,Old English,Germanic,English,laugh,German,lachen
thousand,480,Old English,Germanic,English,thousand,German,tausend
ago,481,Old English,Germanic,English,ago,German,vor
ran,482,Old English,Germanic,English,ran,German,lief
check,483,Old French Latin Arabic Persian,Indo-Iranian,French,chèque,Hindi,chek
game,484,Old English,Germanic,English,game,German,spiel
shape,485,Old English,Germanic,English,shape,German,gestalten
equate,486,Latin,Italic,Latin,aequalis,Latin,aequalis
hot,487,Old English,Germanic,English,hot,German,heiß
miss,488,Old English,Germanic,English,miss,German,vermissen
brought,489,Old English,Germanic,English,brought,German,gebracht
heat,490,Old English,Germanic,English,heat,German,hitze
snow,491,Old English,Germanic,English,snow,German,schnee
tire,492,Old English,Germanic,English,tire,German,ermüden
bring,493,Old English,Germanic,English,bring,German,bringen
yes,494,Old English,Germanic,English,yes,German,ja
distant,495,Old French Latin,Italic,French,loin,Latin,remotus
fill,496,Old English,Germanic,English,fill,German,füllen
east,497,Old English,Germanic,English,east,German,ost
paint,498,Old French Latin,Italic,French,peindre,Latin,fuco
language,499,Old French Latin,Italic,French,langue,Latin,lingua
among,500,Old English,Germanic,English,among,German,unter
grand,501,Anglo-French Old French Latin,Italic,French,grandiose,Latin,grandis
ball,502,Old English,Germanic,English,ball,German,ball
yet,503,Old English,Germanic,English,yet,German,noch
wave,504,Old English,Germanic,English,wave,German,winken
drop,505,Old English,Germanic,English,drop,German,fallen
heart,506,Old English,Germanic,English,heart,German,herz
am,507,Old English,Germanic,English,am,German,bin
present,508,Old French Latin,Italic,French,présenter,Latin,praesanti
heavy,509,Old English,Germanic,English,heavy,German,schwer
dance,510,Old French Frankish,Germanic,French,danser,German,tanzen
engine,511,Old French Latin,Italic,French,moteur,Latin,machina
position,512,Old French Latin,Italic,French,position,Latin,positus
arm,513,Old English,Germanic,English,arm,German,arm
wide,514,Old English,Germanic,English,wide,German,weit
sail,515,Old English,Germanic,English,sail,German,segeln
material,516,Old French Latin,Italic,French,matérial,Latin,materiales
size,517,Old French Latin,Italic,French,taille,Latin,magnitudine
vary,518,Anglo-French Old French Latin,Italic,French,varier,Latin,variari
settle,519,Old English,Germanic,English,settle,German,begleichen
speak,520,Old English,Germanic,English,speak,German,sprechen
weight,521,Old English,Germanic,English,weight,German,gewicht
general,522,Old French Latin,Italic,French,général,Latin,generalis
ice,523,Old English,Germanic,English,ice,German,eis
matter,524,Anglo-French Old French Latin,Italic,French,matière,Latin,materia
circle,525,Old French Latin,Italic,French,cercle,Latin,circulus
pair,526,Old French Latin,Italic,French,paire,Latin,par
include,527,Latin,Italic,Latin,includere,Latin,includere
divide,528,Latin,Italic,Latin,divido,Latin,divido
syllable,529,Anglo-French Old French Latin Greek,Hellenic,French,syllabe,Greek,syllavi
felt,530,Old English,Germanic,English,felt,German,fühtle
perhaps,531,Old English,Germanic,English,perhaps,German,vielleicht
pick,532,Old English,Germanic,English,pick,German,auswählen
sudden,533,Anglo-French Old French Latin,Italic,French,soudain,Latin,subita
count,534,Old French Latin,Italic,French,compter,Latin,numero
square,535,Old French Latin,Italic,French,carré,Latin,quadratum
reason,536,Anglo-French Old French Latin,Italic,French,raison,Latin,ratio
length,537,Old English,Germanic,English,length,German,länge
represent,538,Old French Latin,Italic,French,représenter,Latin,assimulo
art,539,Old French Latin,Italic,French,art,Latin,artem
subject,540,Old French Latin,Italic,French,subjet,Latin,subjectum
region,541,Anglo-French Old French Latin,Italic,French,région,Latin,regionem
energy,542,Middle French Latin Greek,Hellenic,French,énergie,Greek,energeia
hunt,543,Old English,Germanic,English,hunt,German,jagen
probable,544,Old French Latin,Italic,French,probable,Latin,probabile
bed,545,Old English,Germanic,English,bed,German,bett
brother,546,Old English,Germanic,English,brother,German,bruder
egg,547,Old Norse,Germanic,Norse,egg,German,ei
ride,548,Old English,Germanic,English,ride,German,reiten
cell,549,Latin,Italic,Latin,cellulam,Latin,cellulam
believe,550,Old English,Germanic,English,believe,German,glauben
fraction,551,Anglo-French Old French Latin,Italic,French,fraction,Latin,fraction
forest,552,Old French Latin,Italic,French,forêt,Latin,silva
sit,553,Old English,Germanic,English,sit,German,sitzen
race,554,Old Norse,Germanic,Norse,rase,German,rennen
window,555,Old Norse,Germanic,Norse,vindu,German,fenster
store,556,Old French Latin,Italic,French,magasin,Latin,copia
summer,557,Old English,Germanic,English,summer,German,sommer
train,558,Old French Latin,Italic,French,train,Latin,agmen
sleep,559,Old English,Germanic,English,sleep,German,schlafe
prove,560,Old French Latin,Italic,French,prouver,Latin,probare
lone,561,Old English,Germanic,English,lone,German,einsam
leg,562,Old Norse,Germanic,Norse,bein,German,bein
exercise,563,Old French Latin,Italic,French,exercice,Latin,exercitium
wall,564,Old English,Germanic,English,wall,German,wand
catch,565,Anglo-French Old French Latin,Italic,French,capture,Latin,capturam
mount,566,Old French Latin,Italic,French,monter,Latin,conscendo
wish,567,Old English,Germanic,English,wish,German,wunsch
sky,568,Old Norse,Germanic,Norse,himmel,German,himmel
board,569,Old English,Germanic,English,board,German,tafel
joy,570,Old French Latin,Italic,French,joie,Latin,gaudium
winter,571,Old English,Germanic,English,winter,German,winter
sat,572,Old English,Germanic,English,sat,German,saß
written,573,Old English,Germanic,English,written,German,geschrieben
wild,574,Old English,Germanic,English,wild,German,wild
instrument,575,Old French Latin,Italic,French,instrument,Latin,instrumentum
kept,576,Old English,Germanic,English,kept,German,gehalten
glass,577,Old English,Germanic,English,glass,German,glas
grass,578,Old English,Germanic,English,grass,German,gras
cow,579,Old English,Germanic,English,cow,German,kuh
job,580,Uncertain,Uncertain,N/A,,N/A,
edge,581,Old English,Germanic,English,edge,German,kante
sign,582,Old French Latin,Italic,French,signe,Latin,signum
visit,583,Old French Latin,Italic,French,visite,Latin,visita
past,584,Old French Latin,Italic,French,passé,Latin,praeteritum
soft,585,Old English,Germanic,English,soft,German,weich
fun,586,Middle English,Germanic,English,fun,German,spaß
bright,587,Old English,Germanic,English,bright,German,hell
gas,588,Dutch Greek,Hellenic,Dutch,gas,Greek,aerio
weather,589,Old English,Germanic,English,weather,German,wetter
month,590,Old English,Germanic,English,month,German,monat
million,591,Old French Italian Latin,Italic,French,million,Latin,decies centena
bear,592,Old English,Germanic,English,bear,German,bär
finish,593,Old French Latin,Italic,French,finir,Latin,perago
happy,594,Old English,Germanic,English,happy,German,glücklich
hope,595,Old English,Germanic,English,hope,German,hoffen
flower,596,Old French Latin,Italic,French,fleur,Latin,flos
clothe,597,Old English,Germanic,English,clothe,German,kleiden
strange,598,Old French Latin,Italic,French,étrange,Latin,alienus
gone,599,Old English,Germanic,English,gone,German,weg
jump,600,Uncertain,Uncertain,N/A,,N/A,
baby,601,Uncertain,Uncertain,N/A,,N/A,
eight,602,Old English,Germanic,English,eight,German,acht
village,603,Old French Latin,Italic,French,village,Latin,villa
meet,604,Old English,Germanic,English,meet,German,treffen
root,605,Old English,Germanic,English,root,German,stamm
buy,606,Old English,Germanic,English,buy,German,kaufen
raise,607,Old Norse,Germanic,Norse,heve,German,erziehen
solve,608,Latin,Italic,Latin,solvo,Latin,solvo
metal,609,Old French Latin Greek,Hellenic,French,métal,Greek,metallo
whether,610,Old English,Germanic,English,whether,German,ob
push,611,Old French Latin,Italic,French,pousser,Latin,dis
seven,612,Old English,Germanic,English,seven,German,sieben
paragraph,613,Middle French Latin Greek,Hellenic,French,paragraphe,Greek,paragrafos
third,614,Old English,Germanic,English,third,German,dritte
shall,615,Old English,Germanic,English,shall,German,soll
held,616,Old English,Germanic,English,held,German,gehaltenen
hair,617,Old English,Germanic,English,hair,German,haare
describe,618,Old French Latin,Italic,French,décrire,Latin,describere
cook,619,Old English,Germanic,English,cook,German,küchen
floor,620,Old English,Germanic,English,floor,German,boden
either,621,Old English,Germanic,English,either,German,entweder
result,622,Latin,Italic,Latin,exitum,Latin,exitum
burn,623,Old English,Germanic,English,burn,German,brennen
hill,624,Old English,Germanic,English,hill,German,hügel
safe,625,Old French Latin,Italic,French,sûr,Latin,tutum
cat,626,Old English,Germanic,English,cat,German,katze
century,627,Latin,Italic,Latin,saeculum,Latin,saeculum
consider,628,Old French Latin,Italic,French,considérer,Latin,considerans
type,629,Latin Greek,Hellenic,Latin,typos,Greek,typos
law,630,Old English,Germanic,English,law,German,gesetz
bit,631,Old English,Germanic,English,bit,German,bisschen
coast,632,Old French Latin,Italic,French,côte,Latin,litore
copy,633,Old French Latin,Italic,French,copier,Latin,exemplum
phrase,634,Latin Greek,Hellenic,Latin,frasi,Greek,frasi
silent,635,Latin,Italic,Latin,silens,Latin,silens
tall,636,Old English,Germanic,English,tall,German,hoch
sand,637,Old English,Germanic,English,sand,German,sand
soil,638,Anglo-French Old French Latin,Italic,French,sol,Latin,soli
roll,639,Old French Latin,Italic,French,rouleau,Latin,voluto
temperature,640,Latin,Italic,Latin,temperies,Latin,temperies
finger,641,Old English,Germanic,English,finger,German,finger
industry,642,Old French Latin,Italic,French,industrie,Latin,industria
value,643,Old French Latin,Italic,French,valeur,Latin,valorem
fight,644,Old English,Germanic,English,fight,German,kämpfen
lie,645,Old English,Germanic,English,lie,German,liegen
beat,646,Old English,Germanic,English,beat,German,schlagen
excite,647,Old French Latin,Italic,French,exciter,Latin,minus
natural,648,Old French Latin,Italic,French,naturel,Latin,naturalis
view,649,Anglo-French Old French Latin,Italic,French,vue,Latin,visum
sense,650,Old French Latin,Italic,French,sens,Latin,sensum
ear,651,Old English,Germanic,English,ear,German,ohr
else,652,Old English,Germanic,English,else,German,sonst
quite,653,Old French Latin,Italic,French,assez,Latin,satis
broke,654,Old English,Germanic,English,broke,German,pleite
case,655,Old French Latin,Italic,French,cas,Latin,casus
middle,656,Old English,Germanic,English,middle,German,mitte
kill,657,Old English,Germanic,English,kill,German,töten
son,658,Old English,Germanic,English,son,German,sohn
lake,659,Old French Latin,Italic,French,lac,Latin,lacus
moment,660,Old French Latin,Italic,French,moment,Latin,momentum
scale,661,Old French Frankish,Germanic,French,échelle,German,rahmen
loud,662,Old English,Germanic,English,loud,German,laut
spring,663,Old English,Germanic,English,spring,German,frühling
observe,664,Old French Latin,Italic,French,observer,Latin,observo
child,665,Old English,Germanic,English,child,German,kinder
straight,666,Old English,Germanic,English,straight,German,gerade
consonant,667,Latin,Italic,Latin,consona,Latin,consona
nation,668,Old French Latin,Italic,French,nation,Latin,gentem
dictionary,669,Latin,Italic,Latin,lexicon,Latin,lexicon
milk,670,Old English,Germanic,English,milk,German,milch
speed,671,Old English,Germanic,English,speed,German,geschwindigkeit
method,672,Latin Greek,Hellenic,Latin,methodos,Greek,methodos
organ,673,Old English,Germanic,English,organ,German,organ
pay,674,Old French Latin,Italic,French,payer,Latin,redde
age,675,Old French Latin,Italic,French,age,Latin,aetate
section,676,Old French Latin,Italic,French,section,Latin,sectioni
dress,677,Old French Latin,Italic,French,robe,Latin,vestio
cloud,678,Old English,Germanic,English,cloud,German,wolke
surprise,679,Old French Latin,Italic,French,surprise,Latin,mirum
quiet,680,Old French Latin,Italic,French,silencieux,Latin,quiescis
stone,681,Old English,Germanic,English,stone,German,stein
tiny,682,Old English,Germanic,English,tiny,German,winzig
climb,683,Old English,Germanic,English,climb,German,steigen
cool,684,Old English,Germanic,English,cool,German,cool
design,685,Middle French,Italic,French,désign,Latin,consilio
poor,686,Old French Latin,Italic,French,pauvre,Latin,pauper
lot,687,Old English,Germanic,English,lot,German,menge
experiment,688,Old French Latin,Italic,French,expérimenter,Latin,experimentum
bottom,689,Old English,Germanic,English,bottom,German,boden
key,690,Old English,Germanic,English,key,German,schlüssel
iron,691,Old English,Germanic,English,iron,German,eisen
single,692,Old French Latin,Italic,French,unique,Latin,unum
stick,693,Old English,Germanic,English,stick,German,stock
flat,694,Old Norse,Germanic,Norse,flat,German,eben
twenty,695,Old English,Germanic,English,twenty,German,zwanzig
skin,696,Old Norse,Germanic,Norse,hud,German,haut
smile,697,Middle Low German,Germanic,Yiddish,shmeykhl,German,lächeln
crease,698,Old French Latin,Italic,French,pli,Latin,dirigatur
hole,699,Old English,Germanic,English,hole,German,loch
trade,700,Middle Dutch/Middle Low German,Germanic,Dutch,handel,German,handel
melody,701,Old French Latin Greek,Hellenic,French,mélodie,Greek,melodia
trip,702,Old French Germanic,Germanic,French,voyage,German,reise
office,703,Anglo-French Old French Latin,Italic,French,bureau,Latin,officium
receive,704,Old French Latin,Italic,French,recevoir,Latin,recepto
row,705,Old English,Germanic,English,row,German,reihe
mouth,706,Old English,Germanic,English,mouth,German,mund
exact,707,Latin,Italic,Latin,exiges,Latin,exiges
symbol,708,Latin Greek,Hellenic,Latin,symvolo,Greek,symvolo
die,709,Old Danish/Old Norse,Germanic,Norse,dø,German,sterben
least,710,Old English,Germanic,English,least,German,wenigste
trouble,711,Old French Latin,Italic,French,troubler,Latin,tribulatio
shout,712,Old Norse,Germanic,Norse,rope,German,schreien
except,713,Middle French Latin,Italic,French,sauf,Latin,nisi
wrote,714,Old English,Germanic,English,wrote,German,schrieb
seed,715,Old English,Germanic,English,seed,German,samen
tone,716,Old French Latin Greek,Hellenic,French,ton,Greek,tonos
join,717,Old French Latin,Italic,French,joindre,Latin,iungo
suggest,718,Latin,Italic,Latin,suadeant,Latin,suadeant
clean,719,Old English,Germanic,English,clean,German,sauber
break,720,Old English,Germanic,English,break,German,brechen
lady,721,Old English,Germanic,English,lady,German,dame
yard,722,Old English,Germanic,English,yard,German,hof
rise,723,Old English,Germanic,English,rise,German,steigen
bad,724,Old English,Germanic,English,bad,German,schlecht
blow,725,Old English,Germanic,English,blow,German,blasen
oil,726,Anglo-French Old French Latin Greek,Hellenic,French,huile,Greek,ladi
blood,727,Old English,Germanic,English,blood,German,blut
touch,728,Old French Latin,Italic,French,toucher,Latin,tange
grew,729,Old English,Germanic,English,grew,German,wuchs
cent,730,Latin,Italic,Latin,cent,Latin,cent
mix,731,Anglo-French Latin,Italic,French,mélanger,Latin,misce
team,732,Old English,Germanic,English,team,German,mannschaft
wire,733,Old English,Germanic,English,wire,German,draht
cost,734,Old French Latin,Italic,French,coût,Latin,pretium
lost,735,Old English,Germanic,English,lost,German,hat verloren
brown,736,Old English,Germanic,English,brown,German,braun
wear,737,Old English,Germanic,English,wear,German,tragen
garden,738,Old French Latin Frankish,Germanic,French,jardin,German,garten
equal,739,Latin,Italic,Latin,aequalis,Latin,aequalis
sent,740,Old English,Germanic,English,sent,German,geschickt
choose,741,Old English,Germanic,English,choose,German,wählen
fell,742,Old English,Germanic,English,fell,German,fiel
fit,743,Old Norse,Germanic,Norse,passe,German,passen
flow,744,Old English,Germanic,English,flow,German,fließen
fair,745,Old English,Germanic,English,fair,German,fair
bank,746,French Italian Germanic,Germanic,French,banque,German,bank
collect,747,Old French Latin,Italic,French,collecte,Latin,colligo
save,748,Old French Latin,Italic,French,sauvegarder,Latin,salvare
control,749,Anglo-French Latin,Italic,French,contrôle,Latin,imperium
decimal,750,Latin,Italic,Latin,decimales,Latin,decimales
gentle,751,Old French Latin,Italic,French,gentil,Latin,mitis
woman,752,Old English,Germanic,English,woman,German,frau
captain,753,Old French Latin,Italic,French,capitaine,Latin,princeps
practice,754,Old French Latin Greek,Hellenic,French,pratique,Greek,praktiki
separate,755,Latin,Italic,Latin,separatum,Latin,separatum
difficult,756,Anglo-French Latin,Italic,French,difficile,Latin,difficilis
doctor,757,Old French Latin,Italic,French,docteur,Latin,medicus
please,758,Old French Latin,Italic,French,plaire,Latin,placeo
protect,759,Latin,Italic,Latin,protego,Latin,protego
noon,760,Old English,Germanic,English,noon,German,mittag
whose,761,Old English,Germanic,English,whose,German,wessen
locate,762,Latin,Italic,Latin,loco,Latin,loco
ring,763,Old English,Germanic,English,ring,German,ring
character,764,Old French Latin Greek,Hellenic,French,caractère,Greek,charaktiras
insect,765,Latin,Italic,Latin,insectum,Latin,insectum
caught,766,Anglo-French Old French Latin,Italic,French,pris,Latin,captus
period,767,Middle French Latin Greek,Hellenic,French,période,Greek,periodos
indicate,768,Latin,Italic,Latin,indicant,Latin,indicant
radio,769,Latin,Italic,Latin,N/A,Latin,N/A
spoke,770,Old English,Germanic,English,spoke,German,gesprochen
atom,771,Latin Greek,Hellenic,Latin,atomo,Greek,atomo
human,772,Old French Latin,Italic,French,humain,Latin,hominum
history,773,Old French Latin Greek,Hellenic,French,histoire,Greek,istoria
effect,774,Old French Latin,Italic,French,effet,Latin,effectus
electric,775,Latin Greek,Hellenic,Latin,ilektrikos,Greek,ilektrikos
expect,776,Latin,Italic,Latin,expecto,Latin,expecto
crop,777,Old English,Germanic,English,crop,German,ernte
modern,778,Middle French Latin,Italic,French,moderne,Latin,recens
element,779,Old French Latin,Italic,French,élément,Latin,elementum
hit,780,Old English,Germanic,English,hit,German,schlagen
student,781,Old French Latin,Italic,French,étudiant,Latin,discipulus
corner,782,Anglo-French Old French Latin,Italic,French,coin,Latin,anguli
party,783,Old French Latin,Italic,French,partie,Latin,pars
supply,784,Old French Latin,Italic,French,fournir,Latin,supplementum
bone,785,Old English,Germanic,English,bone,German,knochen
rail,786,Old French Latin,Italic,French,rail,Latin,?
imagine,787,Old French Latin,Italic,French,imaginer,Latin,imaginor
provide,788,Latin,Italic,Latin,suggero,Latin,suggero
agree,789,Old French Latin,Italic,French,accepter,Latin,conveniunt
thus,790,Old English,Germanic,English,thus,German,somit
capital,791,Old French Latin,Italic,French,capital,Latin,capitis
won't,792,Old English,Germanic,English,won't,German,nicht werden
chair,793,Old French Latin,Italic,French,chaise,Latin,sella
danger,794,Anglo-French Old French Latin,Italic,French,danger,Latin,periculum
fruit,795,Old French Latin,Italic,French,fruit,Latin,fructus
rich,796,Old English,Germanic,English,rich,German,reich
thick,797,Old English,Germanic,English,thick,German,dick
soldier,798,Old French Latin,Italic,French,soldat,Latin,miles
process,799,Old French Latin,Italic,French,processus,Latin,processus
operate,800,Latin,Italic,Latin,agunt,Latin,agunt
guess,801,Uncertain Germanic,Germanic,German,erraten,German,erraten
necessary,802,Old French Latin,Italic,French,nécessaire,Latin,necesse
sharp,803,Old English,Germanic,English,sharp,German,scharf
wing,804,Old Norse,Germanic,Norse,vinge,German,flügel
create,805,Latin,Italic,Latin,creo,Latin,creo
neighbor,806,Old English,Germanic,English,neighbor,German,nachbar
wash,807,Old English,Germanic,English,wash,German,waschen
bat,808,Old English,Germanic,English,bat,German,schläger
rather,809,Old English,Germanic,English,rather,German,lieber
crowd,810,Old English,Germanic,English,crowd,German,menge
corn,811,Old English,Germanic,English,corn,German,mais
compare,812,Old French Latin,Italic,French,comparer,Latin,compare
poem,813,Middle French Latin Greek,Hellenic,French,peoème,Greek,poiima
string,814,Old English,Germanic,English,string,German,zeichenfolge
bell,815,Old English,Germanic,English,bell,German,glocke
depend,816,Old French Latin,Italic,French,dépendre,Latin,dependeo
meat,817,Old English,Germanic,English,meat,German,fleisch
rub,818,Uncertain Germanic,Germanic,German,reiben,German,reiben
tube,819,Middle French Latin,Italic,French,tube,Latin,tubus
famous,820,Anglo-French Old French Latin,Italic,French,fameux,Latin,clarus
dollar,821,German,Germanic,German,dollar,German,dollar
stream,822,Old English,Germanic,English,stream,German,strom
fear,823,Old English,Germanic,English,fear,German,angst
sight,824,Old English,Germanic,English,sight,German,sicht
thin,825,Old English,Germanic,English,thin,German,dünn
triangle,826,Latin,Italic,Latin,triangulum,Latin,triangulum
planet,827,Old English,Germanic,English,planet,German,planet
hurry,828,Middle English,Germanic,English,hurry,German,eile
chief,829,Old French Latin,Italic,French,chef,Latin,summum
colony,830,Latin,Italic,Latin,coloniam,Latin,coloniam
clock,831,Uncertain Middle Dutch/Middle French/Latin/Celtic,Uncertain,N/A,,N/A,
mine,832,Old English,Germanic,English,mine,German,meine
tie,833,Old English,Germanic,English,tie,German,binden
enter,834,Old French Latin,Italic,French,entrer,Latin,intrabit
major,835,Latin,Italic,Latin,maior,Latin,maior
fresh,836,Old English,Germanic,English,fresh,German,frisch
search,837,Old French Latin,Italic,French,chercher,Latin,circumspicio
send,838,Old English,Germanic,English,send,German,senden
yellow,839,Old English,Germanic,English,yellow,German,gelb
gun,840,Old Norse,Germanic,Norse,våpen,German,gewehr
allow,841,Anglo-French Old French Latin,Italic,French,permettre,Latin,patitur
print,842,Old French Latin,Italic,French,imprimer,Latin,imprimo
dead,843,Old English,Germanic,English,dead,German,tot
spot,844,Old English,Germanic,English,spot,German,stelle
desert,845,Old French Latin,Italic,French,désert,Latin,desertum
suit,846,Anglo-French Old French Latin,Italic,French,costume,Latin,causa
current,847,Old French,Italic,French,courant,Latin,hic
lift,848,Old Norse,Germanic,Norse,løfte,German,heben
rose,849,Old English,Germanic,English,rose,German,steigen
continue,850,Old French Latin,Italic,French,continuer,Latin,persevero
block,851,Old French Germanic,Germanic,French,bloc,German,blockieren
chart,852,Middle French Latin,Italic,French,carte,Latin,tabula
hat,853,Old English,Germanic,English,hat,German,hut
sell,854,Old English,Germanic,English,sell,German,verkaufen
success,855,Latin,Italic,Latin,successus,Latin,successus
company,856,Old French Latin,Italic,French,compagnie,Latin,comitatus
subtract,857,Latin,Italic,Latin,subtraho,Latin,subtraho
event,858,Middle French Latin,Italic,French,événement,Latin,eventus
particular,859,Old French Latin,Italic,French,particulier,Latin,particularis
deal,860,Old English,Germanic,English,deal,German,deal
swim,861,Old English,Germanic,English,swim,German,schwimmen
term,862,Old French Latin,Italic,French,terme,Latin,terminus
opposite,863,Old French Latin,Italic,French,opposé,Latin,oppositus
wife,864,Old English,Germanic,English,wife,German,frau
shoe,865,Old English,Germanic,English,shoe,German,schuhe
shoulder,866,Old English,Germanic,English,shoulder,German,schulter
spread,867,Old English,Germanic,English,spread,German,verbreiten
arrange,868,Old French Frankish,Germanic,French,arranger,German,arrangieren
camp,869,French Latin,Italic,French,camp,Latin,castra
invent,870,Latin,Italic,Latin,invent,Latin,invent
cotton,871,Old French Arabic,Semitic,French,coton,Arabic,qatn
born,872,Old English,Germanic,English,born,German,geboren
determine,873,Old French Latin,Italic,French,déterminer,Latin,decerno
quart,874,Old French Latin,Italic,French,litre,Latin,partem hin
nine,875,Old English,Germanic,English,nine,German,neun
truck,876,Latin Greek,Hellenic,Latin,fortigo,Greek,fortigo
noise,877,Old French,Italic,French,bruit,Latin,sonitus
level,878,Old French Latin,Italic,French,niveau,Latin,planum
chance,879,Old French Latin,Italic,French,chance,Latin,casus
gather,880,Old English,Germanic,English,gather,German,versammeln
shop,881,Old English,Germanic,English,shop,German,geschäft
stretch,882,Old English,Germanic,English,stretch,German,strecken
throw,883,Old English,Germanic,English,throw,German,werfen
shine,884,Old English,Germanic,English,shine,German,scheinen
property,885,Anglo-French Old French Latin,Italic,French,propriété,Latin,proprietas
column,886,Old French Latin,Italic,French,colonne,Latin,columnae
molecule,887,French Latin,Italic,French,molécule,Latin,moleculo
select,888,Latin,Italic,Latin,eligere,Latin,eligere
wrong,889,Old English,Germanic,English,wrong,German,falsch
gray,890,Old English,Germanic,English,gray,German,grau
repeat,891,Old French Latin,Italic,French,répéter,Latin,repeto
require,892,Old French Latin,Italic,French,requérir,Latin,requiro
broad,893,Old English,Germanic,English,broad,German,breit
prepare,894,Middle French Latin,Italic,French,préparer,Latin,para
salt,895,Old English,Germanic,English,salt,German,salz
nose,896,Old English,Germanic,English,nose,German,nase
plural,897,Old French Latin,Italic,French,plruiel,Latin,pluralis
anger,898,Old Norse,Germanic,Norse,sinne,German,ärger
claim,899,Old French Latin,Italic,French,prétendre,Latin,postulatio
continent,900,Latin,Italic,Latin,continentem,Latin,continentem
oxygen,901,French Greek,Hellenic,French,oxygene,Greek,oxygono
sugar,902,Old French Latin Arabic Persian Sanskrit,Indo-Iranian,French,sucre,Hindi,cheenee
death,903,Old English,Germanic,English,death,German,tod
pretty,904,Old English,Germanic,English,pretty,German,ziemlich
skill,905,Old Norse,Germanic,Norse,ferdighet,German,kunst
women,906,Old English,Germanic,English,women,German,frauen
season,907,Old French Latin,Italic,French,saison,Latin,tempus
solution,908,Old French Latin,Italic,French,solution,Latin,solutio
magnet,909,Old French Latin Greek,Hellenic,French,aimant,Greek,magnitis
silver,910,Old English,Germanic,English,silver,German,silber
thank,911,Old English,Germanic,English,thank,German,danke
branch,912,Old French Latin,Italic,French,branche,Latin,ramus
match,913,Old English,Germanic,English,match,German,entsprechen
suffix,914,Latin,Italic,Latin,etiamne,Latin,etiamne
especially,915,Old French Latin,Italic,French,spécialement,Latin,maxime
fig,916,Old French Latin,Italic,French,figue,Latin,ficus
afraid,917,Anglo-French Old French Latin,Italic,French,peur,Latin,timere
huge,918,Old French,Italic,French,énorme,Latin,ingens
sister,919,Old English,Germanic,English,sister,German,schwester
steel,920,Old English,Germanic,English,steel,German,stahl
discuss,921,Latin,Italic,Latin,decimales,Latin,decimales
forward,922,Old English,Germanic,English,forward,German,nach vorne
similar,923,French Latin,Italic,French,similaire,Latin,similis
guide,924,Old French Frankish,Germanic,French,guider,German,führen
experience,925,Old French Latin,Italic,French,expérience,Latin,experientia
score,926,Old Norse,Germanic,Norse,poengsum,German,ergebnis
apple,927,Old English,Germanic,English,apple,German,apfel
bought,928,Old English,Germanic,English,bought,German,gekauft
led,929,Old English,Germanic,English,led,German,führen
pitch,930,Old English,Germanic,English,pitch,German,werfen
coat,931,Old French Frankish,Germanic,French,manteau,German,mantel
mass,932,Old French Latin Greek,Hellenic,French,masse,Greek,maza
card,933,Old French Latin Greek,Hellenic,French,carte,Greek,karta
band,934,Old English,Germanic,English,band,German,band
rope,935,Old English,Germanic,English,rope,German,seil
slip,936,Old English,Germanic,English,slip,German,schlüpfen
win,937,Old English,Germanic,English,win,German,gewinnen
dream,938,Scandinavian,Germanic,Norse,drøm,German,traum
evening,939,Old English,Germanic,English,evening,German,abend
condition,940,Old French Latin,Italic,French,condition,Latin,conditio
feed,941,Old English,Germanic,English,feed,German,füttern
tool,942,Old English,Germanic,English,tool,German,werkzeug
total,943,Old French Latin,Italic,French,total,Latin,totus
basic,944,Old French Latin Greek,Hellenic,French,de base,Greek,vasikos
smell,945,Old English,Germanic,English,smell,German,riechen
valley,946,Anglo-French Old French Latin,Italic,French,vallée,Latin,vallis
nor,947,Old English,Germanic,English,nor,German,noch
double,948,Old French Latin,Italic,French,double,Latin,duplex
seat,949,Old Norse,Germanic,Norse,sete,German,sitz
arrive,950,Old French Latin,Italic,French,arrivée,Latin,perveniet
master,951,Old French Latin,Italic,French,maître,Latin,dominus
track,952,Old French Germanic,Germanic,French,traquer,German,verfolgen
parent,953,Old French Latin,Italic,French,parent,Latin,parente
shore,954,Old English,Germanic,English,shore,German,ufer
division,955,Old French Latin,Italic,French,division,Latin,divisio
sheet,956,Old English,Germanic,English,sheet,German,blatt
substance,957,Old French Latin,Italic,French,substance,Latin,substantia
favor,958,Old French Latin,Italic,French,favoriser,Latin,favor
connect,959,Latin,Italic,Latin,iungo,Latin,iungo
post,960,Middle French Italian Latin,Italic,French,poster,Latin,stipes
spend,961,Old English,Germanic,English,spend,German,verbringen
chord,962,Latin,Italic,Latin,cordam,Latin,cordam
fat,963,Old English,Germanic,English,fat,German,fett
glad,964,Old English,Germanic,English,glad,German,froh
original,965,Old French Latin,Italic,French,original,Latin,primigenius
share,966,Old English,Germanic,English,share,German,teilen
station,967,Old French Latin,Italic,French,station,Latin,statione
dad,968,Uncertain,Uncertain,N/A,,N/A,
bread,969,Old English,Germanic,English,bread,German,brot
charge,970,Old French Latin,Italic,French,charger,Latin,arguere
proper,971,Old French Latin,Italic,French,propre,Latin,propriis
bar,972,Old French Latin,Italic,French,bar,Latin,talea
offer,973,Old English,Germanic,English,offer,German,bieten
segment,974,Latin,Italic,Latin,segmentum,Latin,segmentum
slave,975,Old French Latin,Italic,French,esclave,Latin,servus
duck,976,Old English,Germanic,English,duck,German,ducken
instant,977,Old French Latin,Italic,French,instant,Latin,instans
market,978,Old French Latin,Italic,French,marché,Latin,mercatus
degree,979,Old French Latin,Italic,French,degré,Latin,gradus
populate,980,Latin,Italic,Latin,frequentare,Latin,frequentare
chick,981,Old English,Germanic,English,chick,German,küken
dear,982,Old English,Germanic,English,dear,German,liebe
enemy,983,Old French Latin,Italic,French,ennemi,Latin,inimicus
reply,984,Old French Latin,Italic,French,réplique,Latin,responsum
drink,985,Old English,Germanic,English,drink,German,trinken
occur,986,Middle French Latin,Italic,French,se produire,Latin,fieri
support,987,Old French Latin,Italic,French,support,Latin,auxilium
speech,988,Old English,Germanic,English,speech,German,rede
nature,989,Old French Latin,Italic,French,naturel,Latin,naturae
range,990,Old French,Italic,French,intervalle,Latin,jugum
steam,991,Old English,Germanic,English,steam,German,dampf
motion,992,Old French Latin,Italic,French,motion,Latin,motus
path,993,Old English,Germanic,English,path,German,pfad
liquid,994,Old French Latin,Italic,French,liquide,Latin,liquidus
log,995,Unknown,Unknown,N/A,,N/A,
meant,996,Old English,Germanic,English,meant,German,gemeint
quotient,997,Latin,Italic,Latin,quotus,Latin,quotus
teeth,998,Old English,Germanic,English,teeth,German,zähne
shell,999,Old English,Germanic,English,shell,German,schale
neck,1000,Old English,Germanic,English,neck,German,hals